{
    "total_runtime": 1451.7202999591827,
    "num_documents": 1,
    "update_documents": 0,
    "input_load_time": 0,
    "workflows": {
        "load_input_documents": {
            "overall": 0.009546995162963867
        },
        "create_base_text_units": {
            "overall": 0.031217098236083984
        },
        "create_final_documents": {
            "overall": 0.011132955551147461
        },
        "extract_graph": {
            "overall": 931.8821449279785
        },
        "finalize_graph": {
            "overall": 0.026353836059570312
        },
        "extract_covariates": {
            "overall": 0.0001327991485595703
        },
        "create_communities": {
            "overall": 0.044829368591308594
        },
        "create_final_text_units": {
            "overall": 0.02733898162841797
        },
        "create_community_reports": {
            "overall": 507.1421422958374
        },
        "generate_text_embeddings": {
            "overall": 12.544612884521484
        }
    }
}